UM,Ensemble,PGD-ADT
0.2558139534883721,0.010111223458038422,0.020222446916076844
