UM,Ensemble,PGD-ADT
0.38827098078867545,0.011122345803842264,0.024266936299292215
