UM,Ensemble,PGD-ADT
0.3700707785642063,0.011122345803842264,0.025278058645096056
