UM,Ensemble,PGD-ADT
0.46006066734074824,0.012133468149646108,0.024266936299292215
