UM,Ensemble,PGD-ADT
0.46107178968655205,0.012133468149646108,0.024266936299292215
