UM,Ensemble,PGD-ADT
0.3943377148634985,0.010111223458038422,0.024266936299292215
