UM,Ensemble,PGD-ADT
0.12234580384226491,0.010111223458038422,0.011122345803842264
