UM,Ensemble,PGD-ADT
0.4024266936299292,0.012133468149646108,0.022244691607684528
