UM,Ensemble,PGD-ADT
0.1051567239635996,0.010111223458038422,0.011122345803842264
