UM,Ensemble,PGD-ADT
0.3023255813953488,0.012133468149646108,0.024266936299292215
