UM,Ensemble,PGD-ADT
0.3518705763397371,0.010111223458038422,0.023255813953488372
