UM,Ensemble,PGD-ADT
0.4115267947421638,0.011122345803842264,0.024266936299292215
