UM,Ensemble,PGD-ADT
0.12335692618806876,0.010111223458038422,0.011122345803842264
