UM,Ensemble,PGD-ADT
0.11830131445904954,0.010111223458038422,0.011122345803842264
